Ministerio de Energía y Minas,,,,,,,,,,,,,,,,,,,,,,,,,,
Dirección General de Hidrocarburos,,,,,,,,,,,,,,,,,,,,,,,,,,
Departamento de Análisis Económico,,,,,,,,,IMPORTACIÓN DE PRODUCTOS DERIVADOS DE PETROLEO ,,,,,,,,,,,,,,,,,
Sección de Estadística,,,,,,,,,,,,,,,,,,,,,,,,,,
Unidad:,Barril (42 galones),,,,,,,,,,,,,,,,,,,,,,,,,
,,,Gasolina,Gasolina,Gasolina,,Combustible,,Diesel Bajo,Diesel Ultra,,,,,,,,,,Petróleo,,,,,,
Año,Mes,GLP,,,,Kerosina,,Diesel,,,Bunker,Asfalto,PetCoke,Aceites Lubricantes,Grasas Lubricantes,Solventes,Naftas,Ceras,Butano,,MTBE,Orimulsión,Mezclas Oleosas,Total,,
,,,Aviación,Superior,Regular,,Turbo Jet,,Azufre,Bajo Azufre,,,,,,,,,,Reconstit.,,,,,,
2001,1,194065.74,820,373963.96,177776.5,33834.03,,- ,566101.99,- ,- ,214581.84,27748.99,- ,- ,- ,- ,- ,- ,- ,715344,8402,,- ,- ,2312639.05
2001,2,170703.38,3054,243091.07,123115.99,67439.95,,- ,489525.8,- ,- ,294609,7503.57,- ,- ,- ,- ,- ,- ,- ,370166,0,,- ,- ,1769208.76
2001,3,161837.37,677,312084.38,161726.42,31787.29,,- ,575559.68,- ,- ,315263.8,26304.32,- ,- ,- ,- ,- ,- ,- ,360530,0,,- ,- ,1945770.26
2001,4,163048.64,3399,285054.89,127338.74,25801.18,,- ,437745.42,- ,- ,205653,7885.89,- ,- ,- ,- ,- ,- ,- ,359527,8184,,- ,- ,1623637.76
2001,5,171518.86,585,300913.67,168730.19,45529.33,,- ,552609.13,- ,- ,278371.3,8443.16,- ,- ,- ,- ,- ,- ,- ,723346,12680,,- ,- ,2262726.64
2001,6,190004.42,492,333217.19,152899.09,64444.95,,- ,497855.26,- ,- ,218765.6,6229.04,- ,- ,- ,- ,- ,- ,- ,360369,0,,- ,- ,1824276.55
2001,7,206022.83,655,195071.86,136299.13,23654.1,,- ,302350.02,- ,- ,156109,3103.99,- ,- ,- ,- ,- ,- ,- ,360570,10642,,- ,- ,1394477.93
2001,8,100561.47,607,268153.26,139365.07,49890.61,,- ,464159.13,- ,- ,189692.6,27821.06,- ,- ,- ,- ,- ,- ,- ,719303,13357,,- ,- ,1972910.2
2001,9,186839.02,3868,308439.07,233643.75,41519.91,,- ,321952.94,- ,- ,385142.3,2324.85,- ,- ,- ,- ,- ,- ,- ,360635,0,,- ,- ,1844364.84
2001,10,163864.2,650,305102.28,141550.22,32657.33,,- ,438989.55,- ,- ,214138,1484.4,- ,- ,- ,- ,- ,- ,- ,717717,19431,,- ,- ,2035583.98
2001,11,194722.5,2988,256638.19,165841.46,23876.81,,- ,440245.35,- ,- ,142282.26,895.44,- ,- ,- ,- ,- ,- ,- ,356364,0,,- ,- ,1583854.01
2001,12,194329.02,350,277145.05,149217.67,22948.95,,- ,479983.27,- ,- ,307427.2,321.3,- ,- ,- ,- ,- ,- ,- ,366828,14822,,- ,- ,1813372.46
2002,1,168422.62,0,271479,178585.93,25109.5,,- ,500041.32,- ,- ,332302.3,1978.12,- ,- ,- ,- ,- ,- ,- ,724812,11481,,- ,- ,2214211.79
2002,2,200141.36,3499,365657.75,144447.25,41050.42,,- ,686923.83,- ,- ,285980,114,- ,- ,- ,- ,- ,- ,- ,368318,,- ,- ,- ,2096131.61
2002,3,193422.6,485,246292.6,104673.64,19066.89,,- ,432538.46,- ,- ,175483.3,2147.65,- ,- ,- ,- ,- ,- ,- ,730957,12350,,- ,- ,1917417.14
2002,4,218257.51,441,310256.3,190339,33748.8,,- ,424667.36,- ,- ,358010.7,25060,- ,- ,- ,- ,- ,- ,- ,365663,,- ,- ,- ,1926443.67
2002,5,159299.42,534,363311.76,194830.1,33775.3,,- ,497781.66,- ,- ,307343.57,1170.05,- ,- ,- ,- ,- ,- ,- ,369420,13280,,- ,- ,1940745.86
2002,6,210874.61,3138,250123.19,137050.8,6005.88,,- ,496826.62,- ,- ,412133.78,3120.87,- ,- ,- ,- ,- ,- ,- ,726775,17839,,- ,- ,2263887.75
2002,7,199708.55,488,428842.8,222408,18227.39,,- ,636727.84,- ,- ,242340.18,584.36,- ,- ,- ,- ,- ,- ,- ,365679,,- ,- ,- ,2115006.12
2002,8,192213.74,3477,298280.33,143795,24692.87,,- ,346225,- ,- ,346153.7,1268.58,- ,- ,- ,- ,- ,- ,- ,364878,,- ,- ,- ,1720984.22
2002,9,190686.73,466,331053.7,156956.9,37242.2,,- ,638933.22,- ,- ,300348.73,5463.83,- ,- ,- ,- ,- ,- ,- ,- ,,- ,- ,- ,1661151.31
2002,10,210871.19,2400,352055.5,195426.8,63543.82,,- ,703749.81,- ,- ,343702,2158.97,- ,- ,- ,- ,- ,- ,- ,- ,,- ,- ,- ,1873908.09
2002,11,227595.86,582,291188.76,153185.7,33324.44,,- ,573289.5,- ,- ,508787,1707.57,- ,- ,- ,- ,- ,- ,- ,- ,,- ,- ,- ,1789660.83
2002,12,192272.02,3379,440677.81,167596.71,47548.06,,- ,678749.64,- ,- ,561334.63,1462.84,- ,- ,- ,- ,- ,- ,- ,- ,,- ,- ,- ,2093020.71
2003,1,237532.26,720,425185.5,228269.5,48243.38,,- ,797344.38,- ,- ,433367.1,2225.46,- ,- ,- ,- ,- ,- ,- ,- ,,- ,- ,- ,2172887.58
2003,2,169819,254,443849.85,214490.7,74118.22,,- ,765912.66,- ,- ,333362.76,2497.86,- ,- ,- ,- ,- ,- ,- ,- ,,- ,- ,- ,2004305.05
2003,3,221030.86,1203,363352.66,161257.48,20757.68,,- ,693942.31,- ,- ,555012.3,5342.26,- ,- ,- ,- ,- ,- ,- ,- ,,- ,- ,- ,2021898.55
2003,4,192170.14,3520,335444.69,189824.89,71377.38,,- ,873103.1,- ,- ,470787.51,5453.73,- ,- ,- ,- ,- ,- ,- ,- ,,- ,- ,- ,2141681.44
2003,5,185016.67,0,459025.69,269981.86,43468.04,,- ,625190.08,- ,- ,512728.76,10331.91,- ,- ,- ,- ,- ,- ,- ,- ,,- ,- ,- ,2105743.01
2003,6,231805.03,3137,372486.53,182254.23,75168.64,,- ,671882.83,- ,- ,334426.35,3188.55,- ,- ,- ,- ,- ,- ,- ,- ,,- ,- ,- ,1874349.16
2003,7,216504.93,906,400922.97,133668.2,29429.84,,- ,822014.55,- ,- ,475755.86,5942.79,- ,- ,- ,- ,- ,- ,- ,- ,,- ,- ,- ,2085145.14
2003,8,209952.38,48,292365.04,169903.86,55600.7,,- ,494087.13,- ,- ,518231.66,7034.51,- ,- ,- ,- ,- ,- ,- ,- ,,- ,- ,- ,1747223.28
2003,9,231499.19,0,398192.16,177217.53,66626.7,,- ,614913.68,- ,- ,360969.08,5189.42,- ,- ,- ,- ,- ,- ,- ,- ,,- ,- ,- ,1854607.76
2003,10,216302.81,2719,260219.92,181668.03,61154.5,,- ,433084.99,- ,- ,536918.24,7645.76,- ,- ,- ,- ,- ,- ,- ,- ,,- ,- ,- ,1699713.25
2003,11,232526.98,0,393951.96,205624.08,50841.7,,- ,627189.78,- ,- ,717557.85,6163.71,- ,- ,- ,- ,- ,- ,- ,- ,,- ,- ,- ,2233856.06
2003,12,214489.86,2649,296780.15,161477.73,67894.9,,- ,745524.88,- ,- ,286775.5,8962.13,- ,- ,- ,- ,- ,- ,- ,- ,,- ,- ,- ,1784554.15
2004,1,251271.55,0,368235.14,173427.23,59343.1,,- ,762385.45,- ,- ,475730.96,8309.85,155510.03,- ,- ,- ,- ,- ,- ,- ,,- ,- ,- ,2254213.3
2004,2,197730.29,0,281891.97,147939.23,49226.2,,- ,460947.5,- ,- ,348162.02,10379.19,0,- ,- ,- ,- ,- ,- ,- ,,- ,249982.7,- ,1746259.1
2004,3,253366.12,2300,486880.82,275539.38,47021.8,,- ,772128.26,- ,- ,474292.6,12318.35,144859,- ,- ,- ,- ,- ,- ,- ,,- ,- ,- ,2468706.33
2004,4,206671.88,2920,415426,245156.34,58717.9,,- ,809194.95,- ,- ,415311.51,14014.84,0,- ,- ,- ,- ,- ,- ,- ,,- ,311711.21,- ,2479124.63
2004,5,202368.21,0,350052.95,178387.8,71209.2,,- ,634209.64,- ,- ,238958.31,13384.38,137087.5,- ,- ,- ,- ,- ,- ,- ,,- ,- ,- ,1825657.99
2004,6,231850.33,0,311238.01,133341,90154.8,,- ,461381.79,- ,- ,533789.63,15485.81,0,- ,- ,- ,- ,- ,- ,- ,,- ,311270.32,- ,2088511.69
2004,7,220449.26,257,249710.69,152075.75,13662,,- ,467154.31,- ,- ,108059,14504.73,155914,- ,- ,- ,- ,- ,- ,- ,,- ,- ,- ,1381786.74
2004,8,215881.07,3375,434578.12,208592.85,79589.7,,- ,669462.53,- ,- ,315109,13756.04,0,- ,- ,- ,- ,- ,- ,- ,,- ,315915.92,- ,2256260.23
2004,9,252058.26,0,420550.29,218499.24,69168.5,,- ,714039.85,- ,- ,434142.76,14546.91,146223,- ,- ,- ,- ,- ,- ,- ,,- ,- ,- ,2269228.81
Unidad:,Barril (42 galones),,,,,,,,,,,,,,,,,,,,,,,,,,,,,,,
,,,Gasolina,,Gasolina,,Gasolina,,Combustible,,,Diesel Bajo,Diesel Ultra,,,,,,,,,,,,Petróleo,,,,,,,
Año,Mes,GLP,,,,,,Kerosina,,,Diesel,,,,Bunker,,Asfalto,PetCoke,Aceites Lubricantes,Grasas Lubricantes,Solventes,Naftas,Ceras,Butano,,MTBE,,Orimulsión,Mezclas Oleosas,Total,,
,,,Aviación,,Superior,,Regular,,Turbo Jet,,,Azufre,Bajo Azufre,,,,,,,,,,,,Reconstit.,,,,,,,
2004,10,208715.48,,697,366886.3,,201907.67,82916.5,,,- ,655715.05,,- ,- ,411472.34,11315.28,0,,,- ,- ,- ,- ,- ,- ,- ,- ,313440.96,,- ,2253066.58
2004,11,195645.45,,1647,434710.94,,215838.32,49233,,,- ,726697.88,,- ,- ,293179.62,2029.03,152894.5,,,- ,- ,- ,- ,- ,- ,- ,- ,318754,,- ,2390629.74
2004,12,278688.52,,1396,433149.96,,227094.71,59035.3,,,- ,781266.61,,- ,- ,243611.33,2090.04,0,,,- ,- ,- ,- ,- ,- ,- ,- ,- ,,- ,2026332.47
2005,1,,226452.5,,3105,257867.99,,202374.33,33986,,- ,663058.79,,- ,- ,318657.9,10798.98,,141267.5,,- ,- ,- ,- ,- ,- ,- ,- ,338810.04,,- ,2196379.03
2005,2,,179212.81,,- ,306660.39,,178104.72,62584.2,,- ,683664.39,,- ,- ,303067.68,13495.3,,,- ,- ,- ,- ,- ,- ,- ,- ,- ,- ,,- ,1726789.49
2005,3,,271163.05,,3100,431907.81,,217667.69,70706,,- ,778645.07,,- ,- ,436935.02,17405.13,,147361.5,,- ,- ,- ,- ,- ,- ,- ,- ,- ,,- ,2374891.27
2005,4,,187599.95,,- ,534151.81,,234492.03,48655.1,,- ,708164.74,,- ,- ,339926.16,13520.46,,137890.5,,- ,- ,- ,- ,- ,- ,- ,- ,316798,,- ,2521198.75
2005,5,,243625.26,,3365,378616.3,,192734.4,61188.2,,- ,875087.62,,- ,- ,572328.31,16284.91,,134700.5,,- ,- ,- ,- ,- ,- ,- ,- ,344685,,- ,2822615.5
2005,6,,256001.38,,609,537398.43,,243343.68,35505.9,,- ,1041016.72,,- ,- ,471302.18,16063.2,,,- ,- ,- ,- ,- ,- ,- ,- ,- ,- ,,- ,2601240.49
2005,7,,351089.64,,673,363410.9,,175946.3,57335.2,,- ,770731.74,,- ,- ,447607.75,10382.08,,147994,,- ,- ,- ,- ,- ,- ,- ,- ,312030,,- ,2637200.61
2005,8,,115098.57,,- ,566618.55,,173810.38,24343,,- ,815435.2,,- ,- ,201638.98,13408.17,,,- ,- ,- ,- ,- ,- ,- ,- ,- ,- ,,- ,1910352.85
2005,9,,461957.15,,177,193484.5,81015.3,65426.3,,,- ,229764.74,,- ,- ,184318.28,19894.97,,147735.5,,- ,- ,- ,- ,- ,- ,- ,- ,329946,,- ,1713719.74
2005,10,,456714.29,,2884,528877.09,,145325.65,64975.7,,- ,671848.94,,- ,- ,280596.41,,4807.49,,- ,- ,- ,- ,- ,- ,- ,- ,- ,- ,,- ,2156029.57
2005,11,,127819.83,,3076,348687.81,,266018.37,33635.1,,- ,635553.46,,- ,- ,425553.13,10934.29,,150007,,- ,- ,- ,- ,- ,- ,- ,- ,- ,,- ,2001284.99
2005,12,,456441.07,,357,360807,,107374,39994.7,,- ,1212610.53,,- ,- ,284168.38,,6643,147460.5,,- ,- ,- ,- ,- ,- ,- ,- ,325083,,- ,2940939.18
2006,1,,461915.81,,- ,711860.77,,348503.85,64569.8,,- ,708730.84,,- ,- ,311221.28,,4073,,- ,- ,- ,- ,- ,- ,- ,- ,- ,312673,,- ,2923548.35
2006,2,,139318.22,,3577,262170.9,,145048.2,44797.3,,- ,767710.63,,- ,- ,121036.31,,6134,,- ,- ,- ,- ,- ,- ,- ,- ,- ,- ,,- ,1489792.56
2006,3,,385287.41,,548,408065.34,,285783.25,52658.4,,- ,744721.94,,- ,- ,429837.61,11054,,147746.5,,- ,- ,- ,- ,- ,- ,- ,- ,- ,,- ,2465702.45
2006,4,,317756.14,,3423,421300.82,,238824.61,36823.5,,- ,935306.58,,- ,- ,287959.04,,8145,151635,,- ,- ,- ,- ,- ,- ,- ,- ,- ,,- ,2401173.69
2006,5,,134526.05,,3615,312024.7,,134212.3,72698.3,,- ,822556.45,,- ,- ,764099.76,14644,,,- ,- ,- ,- ,- ,- ,- ,- ,- ,- ,,- ,2258376.56
2006,6,,347549.31,,190,394014.85,,211562.74,35949.4,,- ,361207.59,,- ,- ,367297.31,16453,,151250,,- ,- ,- ,- ,- ,- ,- ,- ,- ,,- ,1885474.2
2006,7,,140074.43,,452,375951.16,,180942.18,68151.6,,- ,971716.72,,- ,- ,385553.32,,9178,150425,,- ,- ,- ,- ,- ,- ,- ,- ,- ,,- ,2282444.41
2006,8,,434013.19,,- ,313326.86,,147245.49,50939.8,,- ,603747.33,,- ,- ,318166.29,,7880,,- ,- ,- ,- ,- ,- ,- ,- ,- ,- ,,- ,1875318.96
2006,9,,457683.24,,452,525623.15,,366193.77,50012.6,,- ,473431.31,,- ,- ,461459.78,,4588,150349.65,,- ,- ,- ,- ,- ,- ,- ,- ,- ,,- ,2489793.5
2006,10,,130938.67,,4808,285505,,153997.35,47546,,- ,1220719.64,,- ,- ,446660.88,,6380,145937.83,,- ,- ,- ,- ,- ,- ,- ,- ,- ,,- ,2442493.36
2006,11,,492063.43,,381,428590.5,,171327.01,31977.4,,- ,431874.86,,- ,- ,321841.37,10985,,149110.67,,- ,- ,- ,- ,- ,- ,- ,- ,- ,,- ,2038151.23
2006,12,,112912.81,,1717,395132.09,,234319.3,53294.1,,- ,890336.68,,- ,- ,612637.14,,5775,148978.28,,- ,- ,- ,- ,- ,- ,- ,- ,- ,,- ,2455102.4
2007,1,,308348.52,,381,523730.31,,289550.59,65308.3,,- ,818060.57,,- ,- ,419881.17,11252,,,- ,- ,- ,- ,- ,- ,- ,- ,- ,- ,,- ,2436512.46
2007,2,,295082.83,,3553,401855.41,,299077.04,57695.4,,- ,822325.65,,- ,- ,442208.81,10997,,165044,,- ,- ,- ,- ,- ,- ,- ,- ,- ,,- ,2497839.14
2007,3,,399387.22,,571,541817.85,,326317.75,51860.1,,- ,569451.85,,- ,- ,676389.41,10292,,,- ,- ,- ,- ,- ,- ,- ,- ,- ,- ,,- ,2576087.18
2007,4,,391790.79,,2541,203441.33,94844.9,83496.7,,,- ,850138.11,,- ,- ,576702.01,11437,,166886.5,,- ,- ,- ,- ,- ,- ,- ,- ,- ,,- ,2381278.34
2007,5,,132106.6,,381,545587.63,,238404.83,23476,,- ,793887.04,,- ,- ,390428.07,10752,,149550.5,,- ,- ,- ,- ,- ,- ,- ,- ,- ,,- ,2284573.67
2007,6,,553252.05,,- ,441537.39,,170064.98,82309.9,,- ,855757.14,,- ,- ,635979.48,,6891,148676,,- ,- ,- ,- ,- ,- ,- ,- ,- ,,- ,2894467.94
2007,7,,153167.79,,3220,451180.82,,227660.47,47604.1,,- ,1118432.25,,- ,- ,746956.76,12327,,152834,,- ,- ,- ,- ,- ,- ,- ,- ,- ,,- ,2913383.19
2007,8,,309647.07,,476,501840.27,,351306.27,82558.6,,- ,824047.47,,- ,- ,741692.2,,9273,,- ,- ,- ,- ,- ,- ,- ,- ,- ,- ,,- ,2820840.88
2007,9,,183484.88,,2784,336120.81,,181015.83,68630.1,,- ,497008.84,,- ,- ,425995.94,11535.7,,167480.5,,- ,- ,- ,- ,- ,- ,- ,- ,- ,,- ,1874056.6
2007,10,,486194.88,,190,376377.75,,312120.18,77376.5,,- ,885924.86,,- ,- ,422763.8,,9690.1,,- ,- ,- ,- ,- ,- ,- ,- ,- ,- ,,- ,2570638.07
2007,11,,148627.36,,2229,512550.51,,289282.55,53092.1,,- ,665114.83,,- ,- ,92054.55,10134.1,,,- ,- ,- ,- ,- ,- ,- ,- ,- ,- ,,- ,1773085
2007,12,,371098.4,,95,542916.97,,222108.35,58973.5,,- ,812776.59,,- ,- ,585035.81,,9846,311674,,- ,- ,- ,- ,- ,- ,- ,- ,- ,,- ,2914524.62
2008,1,,522670.52,,2726.2,204788.3,,107885.65,55618.1,,- ,613819.33,,- ,- ,357826,,7227,,- ,- ,- ,- ,- ,- ,- ,- ,- ,- ,,- ,1872561.1
2008,2,,126941.22,,2442.5,545139.83,,234830.1,63895.1,,- ,500922.23,,- ,- ,596066.54,,3575,,- ,- ,- ,- ,- ,- ,- ,- ,- ,- ,,- ,2073812.52
2008,3,,321294.76,,95.2,405713.48,,241800.33,73114.4,,- ,1095743.35,,- ,- ,280414.7,10375.2,,146640.07,,- ,- ,- ,- ,- ,- ,- ,- ,- ,,- ,2575191.49
2008,4,,296531.95,,285.7,570256.98,,271554.27,61215,,- ,682042.07,,- ,- ,644339.91,11902.8,,149627.39,,- ,- ,- ,- ,- ,- ,- ,- ,- ,,- ,2687756.07
2008,5,,506589.79,,3093.2,424954.88,,242628.16,64572.9,,- ,710464.76,,- ,- ,848575.95,17890,,150762.1,,- ,- ,- ,- ,- ,- ,- ,- ,- ,,- ,2969531.73
2008,6,,135630.48,,190.5,273398.73,,177838.7,73918.8,,- ,817804.84,,- ,- ,257332.45,,8087,,- ,- ,- ,- ,- ,- ,- ,- ,- ,- ,,- ,1744201.5
2008,7,,365117.62,,190.5,384549.7,,232129.2,50621,,- ,541486.15,,- ,- ,549352.9,,9947,150155.5,,- ,- ,- ,- ,- ,- ,- ,- ,- ,,- ,2283549.57
2008,8,,124909.19,,171.4,241881.47,,138376.72,61346.3,,- ,713650.52,,- ,- ,512005.35,,4575.2,148500,,- ,- ,- ,- ,- ,- ,- ,- ,- ,,- ,1945416.15
2008,9,,290330.74,,1178.6,423244.17,,290621.26,31940.5,,- ,544521.54,,- ,- ,265932.42,,2631,149060.89,,- ,- ,- ,- ,- ,- ,- ,- ,- ,,- ,1999461.12
2008,10,,515833.1,,3273.7,329762.3,,358036.44,81679,,- ,344273.02,,- ,- ,193916.4,,7436.1,,- ,- ,- ,- ,- ,- ,- ,- ,- ,- ,,- ,1834210.06
Unidad:,Barril (42 galones),,,,,,,,,,,,,,,,,,,,,,,,,,,,,,
,,,Gasolina,,Gasolina,,Gasolina,,Combustible,,,Diesel Bajo,Diesel Ultra,,,,,,,,,,,,Petróleo,,,,,,
Año,Mes,GLP,,,,,,Kerosina,,,Diesel,,,,Bunker,,Asfalto,PetCoke,Aceites Lubricantes,Grasas Lubricantes,Solventes,Naftas,Ceras,Butano,,MTBE,Orimulsión,Mezclas Oleosas,Total,,
,,,Aviación,,Superior,,Regular,,Turbo Jet,,,Azufre,Bajo Azufre,,,,,,,,,,,,Reconstit.,,,,,,
2008,11,,304780.71,,190.5,386365.05,,170365.32,40478.6,,- ,809439.42,,- ,- ,467765.33,,4910.9,,- ,- ,- ,- ,- ,- ,- ,- ,- ,- ,- ,2184295.83
2008,12,,265854.17,,3380,458949.42,,238398.92,32909.5,,- ,524038.42,,- ,- ,321373.52,,1132,,- ,- ,- ,- ,- ,- ,- ,- ,- ,- ,- ,1846035.95
2009,1,,440807.21,,285.7,382300.56,,202484.53,51282.7,,- ,941535.71,,- ,- ,462619.82,,4814,165846.18,,- ,- ,- ,- ,- ,- ,- ,- ,- ,- ,2651976.41
2009,2,,308898.19,,187.7,522820.81,,588346.36,60857.2,,- ,914059.4,,- ,- ,316669.93,,6513,,- ,- ,- ,- ,- ,- ,- ,- ,- ,- ,- ,2718352.59
2009,3,,116357.43,,2925,626630.99,,298459.25,56965.6,,- ,893473.8,,- ,- ,249980.94,,5116,,- ,- ,- ,- ,- ,- ,- ,- ,- ,- ,- ,2249909.01
2009,4,,382796.62,,93.7,348267.66,,182218.96,52516.3,,- ,816840.02,,- ,- ,375412.12,,4374,,- ,- ,- ,- ,- ,- ,- ,- ,- ,- ,- ,2162519.38
2009,5,,108032.64,,256.4,341700.48,,377337.48,20718.6,,- ,621339.93,,- ,- ,1051763.66,,8390,165000,,- ,- ,- ,- ,- ,- ,- ,- ,- ,- ,2694539.19
2009,6,,439954.52,,273.8,589337.79,,363676.29,63788,,- ,735260.51,,- ,- ,598780.49,,2002,,- ,- ,- ,- ,- ,- ,- ,- ,- ,- ,- ,2793073.4
2009,7,,451892.83,,723.6,337172.65,,363911.51,40926.6,,- ,850806.89,,- ,- ,427219.03,,6156,,- ,- ,- ,- ,- ,- ,- ,- ,- ,- ,- ,2478809.11
2009,8,,151179.48,,3389.7,476525.36,,210495.68,68002.4,,- ,842742.17,,- ,- ,454739.68,,7442,,- ,- ,- ,- ,- ,- ,- ,- ,- ,- ,- ,2214516.47
2009,9,,265512.4,,186.3,321728.95,,161783.68,48160.7,,- ,611966.22,,- ,- ,417863.18,,6757,165190.91,,- ,- ,- ,- ,- ,- ,- ,- ,- ,- ,1999149.34
2009,10,,294299.57,,187,639524.61,,375067.23,53069.8,,- ,869366.31,,- ,- ,547485.85,,7998,,- ,- ,- ,- ,- ,- ,- ,- ,- ,- ,- ,2786998.37
2009,11,,543498.52,,4171.9,321859.44,,201213.1,42081.9,,- ,894309.88,,- ,- ,762745.04,,6446,148528.88,,- ,- ,- ,- ,- ,- ,- ,- ,- ,- ,2924854.66
2009,12,,121256.64,,- ,435416.18,,291525.48,31007.8,,- ,1144960.66,,- ,- ,444330.26,,5081,144490.01,,- ,- ,- ,- ,- ,- ,- ,- ,- ,- ,2618068.03
2010,1,,437042.33,,- ,318949.72,,173918.35,69541.7,,- ,905803.65,,- ,- ,407232.9,,7549,,- ,- ,- ,- ,- ,- ,- ,- ,- ,- ,- ,2320037.65
2010,2,,410846.4,,3584,492452.55,,336005.72,62958.8,,- ,447271.92,,- ,- ,393505.01,10200,,,- ,- ,- ,- ,- ,- ,- ,- ,- ,- ,- ,2156824.4
2010,3,,148495.38,,- ,303762.94,,157798.77,33008.7,,- ,947702.88,,- ,- ,380305.39,11286.1,,149642.96,,- ,- ,- ,- ,- ,- ,- ,- ,- ,- ,2132003.12
2010,4,,410001.1,,- ,562996.07,,433108.23,42911.9,,- ,613011.21,,- ,- ,593178.8,12568.7,,165852.23,,- ,- ,- ,- ,- ,- ,- ,- ,- ,- ,2833628.23
2010,5,,230584.6,,3139,429729.38,,279926.95,59512.7,,- ,1086036.16,,- ,- ,349801.7,,6994.1,164467.77,,- ,- ,- ,- ,- ,- ,- ,- ,- ,- ,2610192.35
2010,6,,344683.1,,- ,464310.8,,281834.46,58930.1,,- ,587828.26,,- ,- ,117297.2,,2940,,- ,- ,- ,- ,- ,- ,- ,- ,- ,- ,- ,1857823.92
2010,7,,461977.95,,3178,456588.39,,241994.24,40989.8,,- ,712889.93,,- ,- ,411546.82,,4133,145426.27,,- ,- ,- ,- ,- ,- ,- ,- ,- ,- ,2478724.4
2010,8,,236164.31,,- ,475714.12,,282509.24,65212,,- ,637252.29,,- ,- ,212442.7,,2082,,- ,- ,- ,- ,- ,- ,- ,- ,- ,- ,- ,1911376.66
2010,9,,144381.79,,- ,321134.56,,208796.02,15663.5,,- ,741721.42,,- ,- ,135187,,4161,,- ,- ,- ,- ,- ,- ,- ,- ,- ,- ,- ,1571045.29
2010,10,,328472.6,,3161,493794.29,,392100.62,43634.6,,- ,630692.56,,- ,- ,301559.2,,5352,,- ,- ,- ,- ,- ,- ,- ,- ,- ,- ,- ,2198766.87
2010,11,,540671.88,,- ,241062.76,,139547.73,56430,,- ,565627.54,,- ,- ,331749.27,,7402,,- ,- ,- ,- ,- ,- ,- ,- ,- ,- ,- ,1882491.18
2010,12,,286501.74,,2308,652210.77,,430857.95,44591.6,,- ,1135293.92,,- ,- ,162229.5,,4246.5,,- ,- ,- ,- ,- ,- ,- ,- ,- ,- ,- ,2718239.98
2011,1,,511518.14,,- ,391997.54,,253700.82,69631.1,,- ,1033948.69,,- ,- ,263229.32,,5497.36,166651.76,,- ,- ,- ,- ,- ,- ,- ,- ,- ,- ,2696174.73
2011,2,,313877.17,,2351,437769.48,,343582.85,43055.9,,- ,772775.58,,- ,- ,423634.9,,7033,164990.32,,- ,- ,- ,- ,- ,- ,- ,- ,- ,- ,2509070.2
2011,3,,297190.31,,- ,445920.27,,291087.16,33888.8,,- ,707536.31,,- ,- ,138202.1,10007.9,,,- ,- ,- ,- ,- ,- ,- ,- ,- ,- ,- ,1923832.85
2011,4,,426380.21,,- ,357349.67,,326003.71,46347,,- ,767445.36,,- ,- ,652855.72,,5721.79,209682.55,,- ,- ,- ,- ,- ,- ,- ,- ,- ,- ,2791786.01
2011,5,,238374.12,,2150,433038.13,,326566.61,51018.2,,- ,918940.44,,- ,- ,423250.92,,4086,,- ,- ,- ,- ,- ,- ,- ,- ,- ,- ,- ,2397424.42
2011,6,,345196.29,,3341,354604.94,,230990.13,24115.3,,- ,553883.42,,- ,- ,665240.82,,6274.88,148503.36,,- ,- ,- ,- ,- ,- ,- ,- ,- ,- ,2332150.13
2011,7,,148988.5,,- ,369694.76,,188581.4,44399.6,,- ,734958.54,,- ,- ,394362.55,11323.38,,328990.04,,- ,- ,- ,- ,- ,- ,- ,- ,- ,- ,2221298.77
2011,8,,565627.93,,2176,270765.31,,201844.49,61586.21,,- ,1014324.28,,- ,- ,259425.58,,9067.45,,- ,- ,- ,- ,- ,- ,- ,- ,- ,- ,- ,2384817.25
2011,9,,382310.38,,- ,335803.82,,260669.22,60244.42,,- ,795554.71,,- ,- ,335474.56,,9462.4,166170.51,,- ,- ,- ,- ,- ,- ,- ,- ,- ,- ,2345690.03
2011,10,,319091.05,,1669,351555.66,,239711.91,55766.77,,- ,612133.26,,- ,- ,175576.95,,8582.21,,- ,- ,- ,- ,- ,- ,- ,- ,- ,- ,- ,1764086.81
2011,11,,384368.36,,- ,450212.8,,237803.48,45729.26,,- ,575406.48,,- ,- ,203510.32,11408.52,,,- ,- ,- ,- ,- ,- ,- ,- ,- ,- ,- ,1908439.22
2011,12,,141052.55,,2114,534925.36,,367820.54,53946.68,,- ,732921.03,,- ,- ,244547.16,11628.07,,,- ,- ,- ,- ,- ,- ,- ,- ,- ,- ,- ,2088955.39
2012,1,,481781.48,,- ,434648.17,,318283.44,27960.8,,- ,790123.23,,- ,- ,192178.43,13869.74,,332101.5,,- ,- ,- ,- ,- ,- ,- ,- ,- ,- ,2590946.78
2012,2,,162561.29,,2220,372893.49,,253583.96,75397.69,,- ,887963.98,,- ,- ,56299,,5723.19,167575.16,,- ,- ,- ,- ,- ,- ,- ,- ,- ,- ,1984217.75
2012,3,,521493.74,,- ,354160.85,,255492.16,40494.61,,- ,978693.29,,- ,- ,486502.56,16175.69,,,- ,- ,- ,- ,- ,- ,- ,- ,- ,- ,- ,2653012.9
2012,4,,131958.4,,2646,399701.69,,189948.79,21732.04,,- ,697871.28,,- ,- ,424997.52,,8865.02,,- ,- ,- ,- ,- ,- ,- ,- ,- ,- ,- ,1877720.75
2012,5,,510506.81,,1551,380531.85,,241786.29,70939.56,,- ,833370.09,,- ,- ,427414.42,12714.5,,169754.09,,- ,- ,- ,- ,- ,- ,- ,- ,- ,- ,2648568.61
2012,6,,527672.26,,1870,550379.33,,320566.69,47391.7,,- ,767124.65,,- ,- ,490228.51,,5405.19,,- ,- ,- ,- ,- ,- ,- ,- ,- ,- ,- ,2710638.33
2012,7,,165424.21,,- ,271509.2,,142232.47,70228.77,,- ,1021995.9,,- ,- ,293113.09,11297.69,,,- ,- ,- ,- ,- ,- ,- ,- ,- ,- ,- ,1975801.33
2012,8,,387892.07,,- ,361307.2,,263677.23,65574.8,,- ,626706.23,,- ,- ,76969.26,13907.62,,148916.3,,- ,- ,- ,- ,- ,- ,- ,- ,- ,- ,1944950.71
2012,9,,530897.79,,2766,372989.29,,201347.56,56595.7,,- ,619651.27,,- ,- ,323767.51,,6813.86,,- ,- ,- ,- ,- ,- ,- ,- ,- ,- ,- ,2114828.97
2012,10,,162208.43,,- ,600094.03,,374301.51,33639,,- ,463054.77,,- ,- ,378149.37,,2242.12,,- ,- ,- ,- ,- ,- ,- ,- ,- ,- ,- ,2013689.23
2012,11,,569345.86,,2651,359818.54,,197398.8,37111.56,,- ,538552.89,,- ,- ,456468.18,,- ,147071.21,,- ,- ,- ,- ,- ,- ,- ,- ,- ,- ,2308418.04
Unidad:,Barril (42 galones),,,,,,,,,,,,,,,,,,,,,,,,,,,,,,,
,,,Gasolina,,Gasolina,,Gasolina,,Combustible,,,,Diesel Bajo,Diesel Ultra,,,,,,,,,,,,Petróleo,,,,,,
Año,Mes,GLP,,,,,,Kerosina,,,,Diesel,,,,Bunker,,Asfalto,PetCoke,Aceites Lubricantes,Grasas Lubricantes,Solventes,Naftas,Ceras,Butano,,MTBE,Orimulsión,Mezclas Oleosas,Total,,
,,,Aviación,,Superior,,Regular,,Turbo Jet,,,,Azufre,Bajo Azufre,,,,,,,,,,,,Reconstit.,,,,,,
2012,12,,152926.76,,95.2,419029.17,,287980.58,43950.37,,- ,1324780.96,,,- ,- ,273182.16,,- ,149085.15,,- ,- ,- ,- ,- ,- ,- ,- ,- ,- ,2651030.35
2013,1,,575318.45,,190.48,433924.69,,396416.84,57437.01,,- ,,749266.68,,- ,- ,361207.18,,- ,150030.49,,- ,- ,- ,- ,- ,- ,- ,- ,- ,- ,2723791.82
2013,2,,142772.81,,1047.62,470483.98,,235502.58,55641.8,,- ,,709843.02,,- ,- ,325080.1,,- ,168305.17,,- ,- ,- ,- ,- ,- ,- ,- ,- ,- ,2108677.08
2013,3,,569013.24,,3183.88,429974.17,,439386.62,19570.11,,- ,,832627.57,,- ,- ,231802.56,,3879,- ,,- ,- ,- ,- ,- ,- ,- ,- ,- ,- ,2529437.15
2013,4,,508649.45,,- ,430259.18,,274680.65,50291.42,,- ,,860094.78,,- ,- ,337655.21,,- ,- ,,- ,- ,- ,- ,- ,- ,- ,- ,- ,- ,2461630.69
2013,5,,181461.6,,797.62,532379.66,,281823.2,73024.85,,- ,1202187.85,,,- ,- ,331393.56,,- ,180944.23,,- ,- ,- ,- ,- ,- ,- ,- ,- ,- ,2784012.56
2013,6,,536847.17,,1196.47,284038.03,,293808.6,75416.48,,- ,,729711.88,,- ,- ,365997.74,34302.05,,167235.48,,- ,- ,- ,- ,- ,- ,- ,- ,- ,- ,2488553.89
2013,7,,352909.02,,795.59,486075.06,,259025.83,60089.4,,- ,,693160.5,,- ,- ,113165.55,,- ,- ,,- ,- ,- ,- ,- ,- ,- ,- ,- ,- ,1965220.95
2013,8,,359346,,3677,347066.11,,221433.2,58972.06,,- ,,505133.44,,- ,- ,405352.22,,- ,146366.33,,- ,- ,- ,- ,- ,- ,- ,- ,- ,- ,2047346.36
2013,9,,394985.89,,- ,373303.31,,300794.99,83693.28,,- ,,803626.98,,- ,- ,172130.08,,305,172152.59,,- ,- ,- ,- ,- ,- ,- ,- ,- ,- ,2300992.12
2013,10,,415869.34,,3626.98,372946.33,,281168.85,133623.6,,- ,,980327.98,,- ,- ,171722.79,,889,- ,,- ,- ,- ,- ,- ,- ,- ,- ,- ,- ,2360174.87
2013,11,,425669.24,,797.21,496029.72,,390941.15,5319.12,,- ,,903218.47,,- ,- ,202139.43,,152,169752.5,,- ,- ,- ,- ,- ,- ,- ,- ,- ,- ,2594018.83
2013,12,,452414.08,,- ,358799.64,,210096.78,98883.1,,- ,,791698.89,,- ,- ,150330.46,,152,- ,,- ,- ,- ,- ,- ,- ,- ,- ,- ,- ,2062374.95
2014,1,,371888.73,,1465,457365.46,,487880.79,109091.19,,- ,1595698.56,,,- ,- ,117010.52,,2238,149806.14,,- ,- ,- ,- ,- ,- ,- ,- ,- ,- ,3292444.39
2014,2,,336845.19,,- ,455726.06,,312423.86,80162.42,,- ,,688703.18,,- ,- ,116368.88,,6093.8,- ,,- ,- ,- ,- ,- ,- ,- ,- ,- ,- ,1996323.39
2014,3,,358755.83,,3392.28,582572.93,,472437.63,46120.4,,- ,1147182.5,,,- ,- ,407270.41,,639,330016.67,,- ,- ,- ,- ,- ,- ,- ,- ,- ,- ,3348387.65
2014,4,,466766.95,,1570.1,270302.22,,207049,72947.78,,- ,,845051.33,,- ,- ,332419.3,,2349.7,6993.03,,- ,- ,- ,- ,- ,- ,- ,- ,- ,- ,2205449.41
2014,5,,554784.32,,4644.98,563319.79,,417767.24,175257.51,,- ,1008148.07,,,- ,- ,246105.2,,2000.03,327251.71,,- ,- ,- ,- ,- ,- ,- ,- ,- ,- ,3299278.85
2014,6,,359135.62,,- ,404603.55,,247114.99,67873.76,,- ,,694920.68,,- ,- ,286478.99,,5469.6,- ,,- ,- ,- ,- ,- ,- ,- ,- ,- ,- ,2065597.19
2014,7,,417570.34,,- ,558403.41,,454196.13,66309.97,,- ,,845875.86,,- ,- ,167316.42,,3399.7,- ,,- ,- ,- ,- ,- ,- ,- ,- ,- ,- ,2513071.83
2014,8,,416068.3,,356.6,398563.48,,305285.53,170401.29,,- ,,760353.37,,- ,- ,477014.48,,1736.4,151264.47,,- ,- ,- ,- ,- ,- ,- ,- ,- ,- ,2681043.91
2014,9,,408998.93,,358.6,547486.22,,378741.56,13079.9,,- ,,598145.89,,- ,- ,368203.04,,2799.1,- ,,- ,- ,- ,- ,- ,- ,- ,- ,- ,- ,2317813.24
2014,10,,314868.89,,4466.9,379572.07,,256340.49,20828.7,,- ,,762763.24,,- ,- ,230129.08,,3367.86,161718.04,,- ,- ,- ,- ,- ,- ,- ,- ,- ,- ,2134055.27
2014,11,,487343.72,,- ,533524.4,,372809.93,79078.42,,- ,1033873.16,,,- ,- ,243197.44,,4294.61,- ,,- ,- ,- ,- ,- ,- ,- ,- ,- ,- ,2754121.68
2014,12,,380185.96,,27979.07,583081.57,,491072.11,124619.87,,- ,1004032.65,,,- ,- ,91348.4,48364.5,,152365.73,,- ,- ,- ,- ,- ,- ,- ,- ,- ,- ,2903049.86
2015,1,,523352.31,,- ,471973.3,,371420.59,19111.3,,- ,1324421.96,,,- ,- ,245584.89,,142.9,148594.27,,- ,- ,- ,- ,- ,- ,- ,- ,- ,- ,3104601.52
2015,2,,421268.22,,- ,664315.85,,548714.53,170853.82,,- ,,955286.02,,- ,- ,162224.95,,3349.05,- ,,- ,- ,- ,- ,- ,- ,- ,- ,- ,- ,2926012.44
2015,3,,497168.6,,- ,622883.1,,453536.19,90955.77,,- ,1164885.97,,,- ,- ,280843.31,,8319.11,164423.33,,- ,- ,- ,- ,- ,- ,- ,- ,- ,- ,3283015.37
2015,4,,519603.84,,- ,599558.55,,537064.59,108382.5,,- ,1130870.79,,,- ,- ,304405.66,15358.33,,- ,,- ,- ,- ,- ,- ,- ,- ,- ,- ,- ,3215244.26
2015,5,,415890.34,,- ,618319.21,,534049.28,58745.67,,- ,,954782.75,,- ,- ,375606.55,33380.56,,163409.4,,- ,- ,- ,- ,- ,- ,- ,- ,- ,- ,3154183.76
2015,6,,526358.48,,- ,525280.85,,394824.33,100499.13,,- ,,862071.77,,- ,- ,336491.48,10275.34,,162807.81,,- ,- ,- ,- ,- ,- ,- ,- ,- ,- ,2918609.19
2015,7,,411971.43,,- ,616269.01,,519374.15,123496.73,,- ,1149630.43,,,- ,- ,235587.32,,2723.8,- ,,- ,- ,- ,- ,- ,- ,- ,- ,- ,- ,3059052.87
2015,8,,561563.81,,- ,467373.13,,328552.07,119764.65,,- ,,919285.9,,- ,- ,348192.53,,3047.6,165284.13,,- ,- ,- ,- ,- ,- ,- ,- ,- ,- ,2913063.82
2015,9,,480268.89,,- ,576250.29,,485906.49,147445.06,,- ,,754068.77,,- ,- ,513707.26,,74.88,- ,,- ,- ,- ,- ,- ,- ,- ,- ,- ,- ,2957721.64
2015,10,,423239.36,,11536.58,533620.64,,432666.75,135724.25,,- ,1163425.95,,,- ,- ,250054.86,,571.4,148515.29,,- ,- ,- ,- ,- ,- ,- ,- ,- ,- ,3099355.08
2015,11,,637316.48,,- ,724273.97,,574547.76,184093.93,,- ,,904700.42,,- ,- ,263741.4,11175.83,,- ,,- ,- ,- ,- ,- ,- ,- ,- ,- ,- ,3299849.79
2015,12,,500684.29,,- ,498798.79,,319329.71,116266.75,,- ,1113876.28,,,- ,- ,208710.54,,640.37,148507.37,,- ,- ,- ,- ,- ,- ,- ,- ,- ,- ,2906814.1
2016,1,,748970.64,,- ,729211.43,,546876.54,16000,,104377.6,,987507.78,,- ,- ,178437.6,27449.2,,162512.74,,- ,- ,- ,- ,- ,- ,- ,- ,- ,- ,3501343.52
2016,2,,287337.74,,- ,405559.45,,424074.81,24900,,117800.1,1167227.96,,,- ,- ,370085.96,,- ,- ,,- ,- ,- ,- ,- ,- ,- ,- ,- ,- ,2796986.02
2016,3,,504451.07,,25081.9,771024.11,,508542.18,13000,,111203.62,1498844.95,,,- ,- ,264193.1,,2716.52,181497.47,,- ,- ,- ,- ,- ,- ,- ,- ,- ,- ,3880554.92
2016,4,,587482.69,,- ,502728.88,,527083.64,16000,,59681.73,1137213.1,,,- ,- ,269518.34,,4428.6,161331.89,,- ,- ,- ,- ,- ,- ,- ,- ,- ,- ,3265468.87
2016,5,,416912.47,,- ,615900.31,,528347.81,19000,,97343.58,1035544.08,,,- ,- ,495459.41,,1714.3,- ,,- ,- ,- ,- ,- ,- ,- ,- ,- ,- ,3210221.96
2016,6,,703319.23,,- ,502082.45,,397477.4,16000,,81862.33,,800222.53,,- ,- ,400963.62,,2142.9,- ,,- ,- ,- ,- ,- ,- ,- ,- ,- ,- ,2904070.46
2016,7,,455823.14,,- ,618366.1,,526652.73,22000,,108804.2,,859222.62,,- ,- ,127905.46,,- ,181500,,- ,- ,- ,- ,- ,- ,- ,- ,- ,- ,2900274.25
2016,8,,588310.54,,285,625218.9,,512202.57,20000,,147462.11,,701185.75,,- ,- ,246976.3,,428.6,181492.85,,- ,- ,- ,- ,- ,- ,- ,- ,- ,- ,3023562.62
2016,9,,306543.41,,- ,677892.97,,567786.57,17000,,94858.75,1274128.31,,,- ,- ,188931.32,,1571.4,- ,,- ,- ,- ,- ,- ,- ,- ,- ,- ,- ,3128712.73
2016,10,,717388.57,,- ,546154.65,,455850.76,26173,,81839.62,,927923.5,,- ,- ,62511.8,,1428.6,- ,,- ,- ,- ,- ,- ,- ,- ,- ,- ,- ,2819270.5
2016,11,,505975.98,,6444.2,725548.16,,476784.16,13197,,95032.9,,957656.05,,- ,- ,304552.31,,4142.9,165005.5,,- ,- ,- ,- ,- ,- ,- ,- ,- ,- ,3254339.16
2016,12,,584807.19,,- ,526573.96,,473659.59,31039.2,,158719.36,1303735.78,,,- ,- ,306550.77,,3857,160560.68,,- ,- ,- ,- ,- ,- ,- ,- ,- ,- ,3549503.52
Unidad:,Barril (42 galones),,,,,,,,,,,,,,,,,,,,,,,,,,,,,,,,,,
,,,Gasolina,,Gasolina,,Gasolina,,Combustible,,,,Diesel Bajo,Diesel Ultra,,,,,,,,,,,,,,,Petróleo,,,,,,
Año,Mes,GLP,,,,,,Kerosina,,,,Diesel,,,,,Bunker,,Asfalto,PetCoke,Aceites Lubricantes,Grasas Lubricantes,,Solventes,Naftas,Ceras,Butano,,,MTBE,Orimulsión,Mezclas Oleosas,,Total,
,,,Aviación,,Superior,,Regular,,Turbo Jet,,,,Azufre,Bajo Azufre,,,,,,,,,,,,,,,Reconstit.,,,,,,
2017,1,,567345.82,,- ,748233.58,,527564.9,,- ,33917.24,,842993.49,,- ,- ,,213661.5,,3190,- ,,- ,- ,- ,- ,- ,72.29,,- ,- ,- ,,- ,2936978.82
2017,2,,279527.23,,21844.81,497707.41,,469140.06,1040,,152952.2,,844676.98,,- ,- ,,72649.78,,714.3,- ,,- ,- ,- ,- ,- ,,- ,- ,- ,- ,,- ,2340252.77
2017,3,,780048.59,,3505.27,734984.24,,608144.98,,- ,75312.22,1351787.92,,,- ,- ,,376955.72,,3142.9,388055.94,,- ,- ,- ,- ,- ,72.29,,- ,- ,- ,,- ,4322010.07
2017,4,,530578.14,,508.27,632843.41,,681303.11,,- ,154934.13,1406022.43,,,- ,- ,,106518.75,,1285.71,404822.98,,- ,- ,- ,- ,- ,72.29,,- ,- ,- ,,- ,3918889.22
2017,5,,604702.55,,3193.64,442311.09,,386088.18,,- ,105375.23,,889926.86,,- ,- ,,160374.5,,1285.71,- ,,- ,- ,- ,- ,- ,72.29,,- ,- ,- ,,- ,2593330.05
2017,6,,487244.19,,367.94,582374.34,,519389.66,,- ,48933.84,,902659,,- ,- ,,191218.23,,1428.57,182141.85,,- ,- ,- ,- ,- ,72.29,,- ,- ,- ,,- ,2915829.91
2017,7,,510428.14,,- ,769214.06,,433026.08,,- ,54997.21,,994338.3,,- ,- ,,85356.63,,1857.14,- ,,- ,- ,- ,- ,- ,,- ,- ,- ,- ,,- ,2849217.56
2017,8,,538582.14,,666.23,607368.72,,592103.31,,- ,76542.18,,846696.35,,- ,- ,,44448.27,,3269.86,583079.69,,- ,- ,- ,- ,- ,144.57,,- ,- ,- ,,- ,3292901.32
2017,9,,350294.57,,- ,401678.98,,316435.22,,- ,125724.44,,925397.87,,- ,- ,,218358.99,,3857.14,- ,,- ,- ,- ,- ,- ,72.29,,- ,- ,- ,,- ,2341819.5
2017,10,,584709.61,,6925.95,657241.76,,574073.61,,- ,132304.57,,740198.57,,- ,- ,,219812.14,,5286.19,167584.01,,- ,- ,- ,- ,- ,,- ,- ,- ,- ,,- ,3088136.41
2017,11,,935986.51,,- ,504247.31,,434963.36,,- ,24435.17,1135350.1,,,- ,- ,,127575.05,10880.53,,- ,,- ,- ,- ,- ,- ,72.29,,- ,- ,- ,,- ,3173510.32
2017,12,,595421.43,,4729.14,803216.88,,679441.47,,- ,80037.74,1305047.55,,,- ,- ,,56960,,3150.02,155599.02,,- ,- ,- ,- ,- ,72.29,,- ,- ,- ,,- ,3683675.54
2018,1,,396363.05,,- ,535784.7,,571858.06,,- ,92894.94,,- ,1153831.89,21987.53,,,134033.14,,5302.14,- ,,- ,- ,- ,- ,- ,78.78,,- ,- ,- ,,- ,2912134.23
2018,2,,591000.02,,- ,629467.91,,509366.1,,- ,52337.76,,- ,921684.12,29946.48,,,85318.21,,3721.91,407070.3,,- ,- ,- ,- ,- ,,0.37,- ,- ,- ,,- ,3229913.18
2018,3,,644245.4,,15747.16,529507.15,,563899.06,,- ,23906.14,,- ,889227.1,12064.95,,,84988.82,,6182.35,418762.45,,- ,- ,- ,- ,- ,74.03,,- ,- ,- ,,- ,3188604.61
2018,4,,188590.81,,- ,617512.28,,510830,,- ,70906.87,,- ,696962.77,,- ,,219805.45,,1877.72,- ,,- ,- ,- ,- ,- ,72.29,,- ,- ,- ,,- ,2306558.19
2018,5,,636234.13,,- ,580329.35,,580825.11,,- ,72992.51,,- ,1592580.34,38055.3,,,111460.41,,4300,327075.21,,- ,- ,- ,- ,- ,,6.96,- ,- ,- ,,- ,3943859.32
2018,6,,618811.33,,21208.26,558257.59,,463620.61,1000,,34249.65,,- ,777679.91,,- ,,130426.6,,6413,- ,,- ,- ,- ,- ,- ,144.57,,- ,- ,- ,,- ,2611811.52
2018,7,,584386.15,,4005.99,784601.77,,543333.77,,- ,40811,,- ,793683.41,,- ,,148012.12,,8518.71,385600.49,,- ,- ,- ,- ,- ,,5.84,- ,- ,- ,,- ,3292959.25
2018,8,,408658.63,,20437.54,541557.34,,663834.04,,- ,81985.47,,- ,1281364.78,,- ,,214625.41,,3434.71,- ,,- ,- ,- ,- ,- ,74.63,,- ,- ,- ,,- ,3215972.55
2018,9,,449846.76,,18379.3,536897.09,,454442.87,,- ,94980.04,,- ,896266.43,,- ,,26753.84,,4473.29,406985.43,,- ,- ,- ,- ,- ,,- ,- ,- ,- ,,- ,2889025.05
2018,10,,600230.45,,2395.3,663440.34,,726044.35,,- ,55219.75,,- ,992682.04,,6049,,150085.74,,4285.71,418296.61,,- ,- ,- ,- ,- ,74.94,,- ,- ,- ,,- ,3618804.23
2018,11,,598626.16,,- ,509382.86,,534084.49,,- ,52310.24,,- ,899588.34,39035.84,,,65312.15,,2584.71,244787,,- ,- ,- ,- ,- ,73.85,,- ,- ,- ,,- ,2945785.64
2018,12,,614887,,- ,631652.56,,535639.97,,- ,87868.41,,- ,792198.66,,- ,,84669.38,,2588.13,438155.24,,- ,- ,- ,- ,- ,83.27,,- ,- ,- ,,- ,3187742.62
2019,1,,414086.12,,15399.57,684504.84,,702923.37,,- ,59152.84,-,,1195728.2,,- ,,196719.1,,3058.43,208276.69,16541.3,,585.91,7282.59,350.92,334,,0.41,-,- ,-,,475.49,3505419.78
2019,2,,460518.8,,1801.96,521555.38,,469437.28,,- ,101570.62,-,,1208476.16,,- ,,100485.14,,8794.74,279583.39,21619.99,,545.97,11978.35,342.55,307.6,144.57,-,- ,-,,,1911.93,3189074.42
2019,3,,384425.56,,- ,704276.53,,678145.38,,- ,118678.8,-,,1550052.84,,- ,,109888.23,10715.12,,256490,17980.15,,996.49,4717.69,- ,426.69,80.58,-,- ,-,,,2170.21,3839044.27
2019,4,,670633.92,,14371.63,656495.95,,867761.34,,- ,76765.06,-,,1215209.05,39866.57,,,280702.33,,3114.36,276252.72,17450.33,,477.01,5112.74,- ,512.67,147.59,-,- ,-,,,1944.32,4126817.59
2019,5,,623466.22,,- ,568128.41,,596798.22,,- ,59987.32,-,,1011872.87,,- ,,103315.2,,6650.62,485520.18,22195.29,,489.43,6263.91,- ,171.98,82.01,-,- ,-,,,2658.48,3487600.14
2019,6,,612732.27,,13290.5,629788.43,,712731.8,,- ,68548.57,-,,1029100.9,,- ,,346048.3,,4484.73,256057.52,22041.5,,225.87,9967.36,- ,507.79,,- ,-,- ,-,,- ,3705525.54
2019,7,,667486.78,,- ,516273.85,,531577.64,,- ,63368.64,-,,1056569.11,,- ,,13652.9,19590.13,,- ,20059.59,,117.68,9079.17,- ,202.29,75.79,-,- ,-,,,3134.83,2901188.41
2019,8,,586430.65,,- ,713859.98,,896841.31,,- ,75962.03,-,,1167556.89,,- ,,141908.64,,9374.15,- ,19268.71,,176.82,3968.23,- ,404.4,,7.34,-,- ,-,,952.38,3616711.53
2019,9,,850778.21,,- ,491194.71,,518043.68,,- ,58060.4,-,,717490.02,,7551.05,,108983.7,,5473.85,212326.74,17011.47,,348.21,8867.9,340.1,557.9,79.33,-,- ,-,,,166.67,2997273.94
2019,10,,225207.04,,- ,691407.73,,712672.38,,- ,43064.61,-,,1160570.85,35005.92,,,95514.49,10751.21,,525400,19109.12,,115.83,7671.02,- ,107.93,,1.09,-,- ,-,,2499.43,3529098.65
2019,11,,610868.12,,2070.48,658706.42,,791039.02,,- ,56475.66,-,,1122990.69,,- ,,84414.64,,6971.48,- ,16108.61,,320.44,13551.9,- ,427.5,149.09,-,- ,-,,,2579.15,3366673.2
2019,12,,600003.85,,- ,797580.75,,731012.24,39972.88,,39148.46,,- ,1098972.39,,- ,,164276.76,,5682.6,245057,27097.05,,313.8,7373.88,- ,434.83,13.01,,- ,- ,- ,,2899.75,3759839.25
2020,1,,715600.32,,- ,573220.63,,629414.9,,- ,64745.4,-,,999181.2,34013.75,,,7341.9,,4205.43,- ,15973.31,,266.54,8114.42,- ,596.33,,4.38,-,- ,-,,1647.63,3054326.14
2020,2,,451318.88,,23690.3,611314.13,,741509.07,,- ,71115.46,-,,1237018.37,12300.92,,,158126.83,,5500,849463.41,12919.14,,162.89,3681.46,- ,237.16,,- ,-,- ,-,,2607.12,4180965.14
2020,3,,642770.18,,- ,809640.18,,735491.29,,- ,116115.4,-,,1367335.14,,1991.32,,262105.89,,3351.04,249651.49,11558.47,,136.35,9140.79,869,51.12,,- ,-,- ,-,,- ,4210207.66
"Fuente: Departamento de Análisis Económico, Dirección General de Hidrocarburos, MEM. Con información de Titulares de Licencia de Comercialización.",,,,,,,,,,,,,,,,,,,,,,,,,,,,,,,,,,,
